{
    "model.proj2": {
        "model.proj2": 0.2070534369685252
    },
    "model.proj3": {
        "model.proj3": 0.20373580521298812
    },
    "model.proj1": {
        "model.proj1": 0.21095110989353646
    }
}