{
    "self_attn.v_proj": {
        "model.layers.9.self_attn.v_proj": 0.013747447170317173,
        "model.layers.0.self_attn.v_proj": 0.013705710880458355,
        "model.layers.31.self_attn.v_proj": 0.0020045521669089794,
        "model.layers.2.self_attn.v_proj": 4.431311220742806e-11,
        "model.layers.5.self_attn.v_proj": 3.856927277556821e-11,
        "model.layers.6.self_attn.v_proj": 3.545181856412505e-11,
        "model.layers.7.self_attn.v_proj": 3.337810930426066e-11,
        "model.layers.3.self_attn.v_proj": 3.2861074972245774e-11,
        "model.layers.11.self_attn.v_proj": 3.281160759760482e-11,
        "model.layers.8.self_attn.v_proj": 3.2381937409287076e-11,
        "model.layers.10.self_attn.v_proj": 3.177932916820225e-11,
        "model.layers.13.self_attn.v_proj": 2.8533637258520983e-11,
        "model.layers.1.self_attn.v_proj": 2.84060257954577e-11,
        "model.layers.4.self_attn.v_proj": 2.839961078804354e-11,
        "model.layers.14.self_attn.v_proj": 2.8313325642348453e-11,
        "model.layers.16.self_attn.v_proj": 2.75175351255319e-11,
        "model.layers.18.self_attn.v_proj": 2.721841675656922e-11,
        "model.layers.19.self_attn.v_proj": 2.4764339884297826e-11,
        "model.layers.12.self_attn.v_proj": 2.3318780933978545e-11,
        "model.layers.15.self_attn.v_proj": 2.3013120922787955e-11,
        "model.layers.20.self_attn.v_proj": 2.2550294964673867e-11,
        "model.layers.17.self_attn.v_proj": 2.1583419079762578e-11,
        "model.layers.21.self_attn.v_proj": 2.1290136320573083e-11,
        "model.layers.22.self_attn.v_proj": 2.0031953526511437e-11,
        "model.layers.23.self_attn.v_proj": 1.6406081354558566e-11,
        "model.layers.24.self_attn.v_proj": 1.438167727269013e-11,
        "model.layers.25.self_attn.v_proj": 1.4298509425081374e-11,
        "model.layers.26.self_attn.v_proj": 1.2789758835340947e-11,
        "model.layers.27.self_attn.v_proj": 1.1081170703253207e-11,
        "model.layers.28.self_attn.v_proj": 9.596155467472833e-12,
        "model.layers.29.self_attn.v_proj": 9.015702247261448e-12,
        "model.layers.30.self_attn.v_proj": 6.371166615115609e-12
    },
    "mlp.gate_proj": {
        "model.layers.0.mlp.gate_proj": 0.013382657431066036,
        "model.layers.1.mlp.gate_proj": 0.012197243049740791,
        "model.layers.13.mlp.gate_proj": 0.005702178925275803,
        "model.layers.8.mlp.gate_proj": 0.00559274572879076,
        "model.layers.9.mlp.gate_proj": 0.005469480529427528,
        "model.layers.10.mlp.gate_proj": 0.005408340133726597,
        "model.layers.12.mlp.gate_proj": 0.005346254445612431,
        "model.layers.11.mlp.gate_proj": 0.00524725578725338,
        "model.layers.31.mlp.gate_proj": 0.0051319897174835205,
        "model.layers.14.mlp.gate_proj": 0.0050399936735630035,
        "model.layers.15.mlp.gate_proj": 0.00495896814391017,
        "model.layers.3.mlp.gate_proj": 0.004900789819657803,
        "model.layers.30.mlp.gate_proj": 0.004278582986444235,
        "model.layers.7.mlp.gate_proj": 0.004024180583655834,
        "model.layers.16.mlp.gate_proj": 0.003806243883445859,
        "model.layers.17.mlp.gate_proj": 0.0033856811933219433,
        "model.layers.4.mlp.gate_proj": 0.0033261345233768225,
        "model.layers.29.mlp.gate_proj": 0.003251433838158846,
        "model.layers.6.mlp.gate_proj": 0.003153020516037941,
        "model.layers.5.mlp.gate_proj": 0.0030123379547148943,
        "model.layers.2.mlp.gate_proj": 0.002388852881267667,
        "model.layers.18.mlp.gate_proj": 0.002237578621134162,
        "model.layers.28.mlp.gate_proj": 0.0018497537821531296,
        "model.layers.19.mlp.gate_proj": 0.0017709715757519007,
        "model.layers.20.mlp.gate_proj": 0.0016191622707992792,
        "model.layers.21.mlp.gate_proj": 0.001613339176401496,
        "model.layers.26.mlp.gate_proj": 0.0011324688093736768,
        "model.layers.27.mlp.gate_proj": 0.0010649501346051693,
        "model.layers.22.mlp.gate_proj": 0.0010298086563125253,
        "model.layers.25.mlp.gate_proj": 0.0007728243945166469,
        "model.layers.23.mlp.gate_proj": 0.0006840077112428844,
        "model.layers.24.mlp.gate_proj": 0.000673946226015687
    },
    "input_layernorm": {
        "model.layers.1.input_layernorm": 1.2140476124411492e-10,
        "model.layers.0.input_layernorm": 1.0345797135657975e-10,
        "model.layers.4.input_layernorm": 2.2998188423106747e-11,
        "model.layers.2.input_layernorm": 2.132903402507491e-11,
        "model.layers.3.input_layernorm": 1.824876534606279e-11,
        "model.layers.6.input_layernorm": 1.7389272313761417e-11,
        "model.layers.5.input_layernorm": 1.7049266512469963e-11,
        "model.layers.7.input_layernorm": 1.6470869806939348e-11,
        "model.layers.12.input_layernorm": 1.467602775417909e-11,
        "model.layers.8.input_layernorm": 1.44749030470126e-11,
        "model.layers.9.input_layernorm": 1.4251416886879031e-11,
        "model.layers.10.input_layernorm": 1.3135289730903388e-11,
        "model.layers.11.input_layernorm": 1.2690868321507676e-11,
        "model.layers.16.input_layernorm": 1.2561221160445335e-11,
        "model.layers.31.input_layernorm": 1.176193517582469e-11,
        "model.layers.17.input_layernorm": 1.1753536512115748e-11,
        "model.layers.15.input_layernorm": 1.1751923219283089e-11,
        "model.layers.14.input_layernorm": 1.1461427293357751e-11,
        "model.layers.13.input_layernorm": 1.1226993293367293e-11,
        "model.layers.18.input_layernorm": 1.0971071273679911e-11,
        "model.layers.21.input_layernorm": 1.093659017514792e-11,
        "model.layers.19.input_layernorm": 1.0887075095611376e-11,
        "model.layers.20.input_layernorm": 1.0605083651527014e-11,
        "model.layers.22.input_layernorm": 1.0099074354563697e-11,
        "model.layers.26.input_layernorm": 9.921094328013691e-12,
        "model.layers.23.input_layernorm": 9.603948712688659e-12,
        "model.layers.24.input_layernorm": 9.456679363195608e-12,
        "model.layers.25.input_layernorm": 9.05071764062404e-12,
        "model.layers.30.input_layernorm": 8.991793420953798e-12,
        "model.layers.28.input_layernorm": 8.906649723305904e-12,
        "model.layers.27.input_layernorm": 8.566238864082809e-12,
        "model.layers.29.input_layernorm": 7.98588192102434e-12
    },
    "mlp.down_proj": {
        "model.layers.0.mlp.down_proj": 0.0012931624660268426,
        "model.layers.4.mlp.down_proj": 0.0004052030562888831,
        "model.layers.6.mlp.down_proj": 0.00040406911284662783,
        "model.layers.5.mlp.down_proj": 0.0004035219899378717,
        "model.layers.8.mlp.down_proj": 0.00040041119791567326,
        "model.layers.9.mlp.down_proj": 0.00039924736483953893,
        "model.layers.7.mlp.down_proj": 0.0003991008270531893,
        "model.layers.3.mlp.down_proj": 0.00039493932854384184,
        "model.layers.19.mlp.down_proj": 0.0003941406321246177,
        "model.layers.10.mlp.down_proj": 0.00039365579141303897,
        "model.layers.18.mlp.down_proj": 0.00039338989881798625,
        "model.layers.20.mlp.down_proj": 0.00039262985228560865,
        "model.layers.17.mlp.down_proj": 0.0003920583694707602,
        "model.layers.16.mlp.down_proj": 0.0003915586567018181,
        "model.layers.11.mlp.down_proj": 0.00039108257624320686,
        "model.layers.15.mlp.down_proj": 0.00038658935227431357,
        "model.layers.1.mlp.down_proj": 0.0003858127456624061,
        "model.layers.2.mlp.down_proj": 0.0003855739487335086,
        "model.layers.14.mlp.down_proj": 0.000384863669751212,
        "model.layers.12.mlp.down_proj": 0.00038441980723291636,
        "model.layers.13.mlp.down_proj": 0.0003842513251584023,
        "model.layers.23.mlp.down_proj": 1.1486141898719993e-12,
        "model.layers.24.mlp.down_proj": 1.1410211967974315e-12,
        "model.layers.25.mlp.down_proj": 1.1373474861561816e-12,
        "model.layers.26.mlp.down_proj": 1.1315500402994672e-12,