{
    "model.proj2": {
        "model.proj2": 0.21175184845924377
    },
    "model.proj1": {
        "model.proj1": 0.20101813971996307
    },
    "model.proj3": {
        "model.proj3": 0.20692986249923706
    }
}